image-name,label,label-name
1.jpg,38,bonus-winter
2.jpg,26,characters-8
3.jpg,9,dots-9
4.jpg,36,bonus-summer
5.jpg,28,honors-east
6.jpg,37,bonus-autumn
7.jpg,24,characters-6
8.jpg,16,bamboo-7
9.jpg,31,honors-north
10.jpg,30,honors-west
11.jpg,20,characters-2
12.jpg,26,characters-8
13.jpg,9,dots-9
14.jpg,23,characters-5
15.jpg,31,honors-north
16.jpg,3,dots-3
17.jpg,3,dots-3
18.jpg,22,characters-4
19.jpg,2,dots-2
20.jpg,29,honors-south
21.jpg,22,characters-4
22.jpg,23,characters-5
23.jpg,3,dots-3
24.jpg,29,honors-south
25.jpg,25,characters-7
26.jpg,7,dots-7
27.jpg,6,dots-6
28.jpg,33,honors-green
29.jpg,16,bamboo-7
30.jpg,12,bamboo-3
31.jpg,25,characters-7
32.jpg,10,bamboo-1
33.jpg,32,honors-red
34.jpg,41,bonus-chrysanthemum
35.jpg,34,honors-white
36.jpg,22,characters-4
37.jpg,39,bonus-plum
38.jpg,30,honors-west
39.jpg,34,honors-white
40.jpg,26,characters-8
41.jpg,27,characters-9
42.jpg,24,characters-6
43.jpg,23,characters-5
44.jpg,32,honors-red
45.jpg,19,characters-1
46.jpg,7,dots-7
47.jpg,3,dots-3
48.jpg,6,dots-6
49.jpg,21,characters-3
50.jpg,33,honors-green
51.jpg,19,characters-1
52.jpg,10,bamboo-1
53.jpg,31,honors-north
54.jpg,24,characters-6
55.jpg,12,bamboo-3
56.jpg,19,characters-1
57.jpg,32,honors-red
58.jpg,5,dots-5
59.jpg,17,bamboo-8
60.jpg,15,bamboo-6
61.jpg,6,dots-6
62.jpg,2,dots-2
63.jpg,4,dots-4
64.jpg,28,honors-east
65.jpg,10,bamboo-1
66.jpg,20,characters-2
67.jpg,4,dots-4
68.jpg,30,honors-west
69.jpg,11,bamboo-2
70.jpg,13,bamboo-4
71.jpg,13,bamboo-4
72.jpg,16,bamboo-7
73.jpg,15,bamboo-6
74.jpg,10,bamboo-1
75.jpg,17,bamboo-8
76.jpg,8,dots-8
77.jpg,5,dots-5
78.jpg,12,bamboo-3
79.jpg,2,dots-2
80.jpg,15,bamboo-6
81.jpg,31,honors-north
82.jpg,29,honors-south
83.jpg,21,characters-3
84.jpg,18,bamboo-9
85.jpg,21,characters-3
86.jpg,18,bamboo-9
87.jpg,5,dots-5
88.jpg,13,bamboo-4
89.jpg,20,characters-2
90.jpg,7,dots-7
91.jpg,5,dots-5
92.jpg,22,characters-4
93.jpg,1,dots-1
94.jpg,34,honors-white
95.jpg,42,bonus-bamboo
96.jpg,14,bamboo-5
97.jpg,34,honors-white
98.jpg,14,bamboo-5
99.jpg,30,honors-west
100.jpg,27,characters-9
101.jpg,15,bamboo-6
102.jpg,7,dots-7
103.jpg,27,characters-9
104.jpg,1,dots-1
105.jpg,4,dots-4
106.jpg,14,bamboo-5
107.jpg,20,characters-2
108.jpg,18,bamboo-9
109.jpg,33,honors-green
110.jpg,28,honors-east
111.jpg,29,honors-south
112.jpg,6,dots-6
113.jpg,1,dots-1
114.jpg,17,bamboo-8
115.jpg,17,bamboo-8
116.jpg,32,honors-red
117.jpg,27,characters-9
118.jpg,13,bamboo-4
119.jpg,23,characters-5
120.jpg,4,dots-4
121.jpg,18,bamboo-9
122.jpg,19,characters-1
123.jpg,1,dots-1
124.jpg,9,dots-9
125.jpg,16,bamboo-7
126.jpg,33,honors-green
127.jpg,2,dots-2
128.jpg,9,dots-9
129.jpg,24,characters-6
130.jpg,8,dots-8
131.jpg,11,bamboo-2
132.jpg,25,characters-7
133.jpg,26,characters-8
134.jpg,12,bamboo-3
135.jpg,14,bamboo-5
136.jpg,35,bonus-spring
137.jpg,25,characters-7
138.jpg,11,bamboo-2
139.jpg,40,bonus-orchid
140.jpg,28,honors-east
141.jpg,34,honors-white
142.jpg,33,honors-green
143.jpg,32,honors-red
144.jpg,31,honors-north
145.jpg,30,honors-west
146.jpg,29,honors-south
147.jpg,28,honors-east
148.jpg,41,bonus-chrysanthemum
149.jpg,42,bonus-bamboo
150.jpg,40,bonus-orchid
151.jpg,39,bonus-plum
152.jpg,38,bonus-winter
153.jpg,37,bonus-autumn
154.jpg,36,bonus-summer
155.jpg,35,bonus-spring
156.jpg,18,bamboo-9
157.jpg,17,bamboo-8
158.jpg,16,bamboo-7
159.jpg,15,bamboo-6
160.jpg,14,bamboo-5
161.jpg,13,bamboo-4
162.jpg,12,bamboo-3
163.jpg,11,bamboo-2
164.jpg,10,bamboo-1
165.jpg,9,dots-9
166.jpg,8,dots-8
167.jpg,7,dots-7
168.jpg,6,dots-6
169.jpg,5,dots-5
170.jpg,4,dots-4
171.jpg,3,dots-3
172.jpg,2,dots-2
173.jpg,1,dots-1
174.jpg,27,characters-9
175.jpg,26,characters-8
176.jpg,25,characters-7
177.jpg,24,characters-6
178.jpg,23,characters-5
179.jpg,22,characters-4
180.jpg,21,characters-3
181.jpg,20,characters-2
182.jpg,19,characters-1
183.jpg,9,dots-9
184.jpg,5,dots-5
185.jpg,4,dots-4
186.jpg,18,bamboo-9
187.jpg,14,bamboo-5
188.jpg,13,bamboo-4
189.jpg,8,dots-8
190.jpg,3,dots-3
191.jpg,17,bamboo-8
192.jpg,12,bamboo-3
193.jpg,7,dots-7
194.jpg,2,dots-2
195.jpg,16,bamboo-7
196.jpg,11,bamboo-2
197.jpg,6,dots-6
198.jpg,1,dots-1
199.jpg,15,bamboo-6
200.jpg,10,bamboo-1
201.jpg,42,bonus-bamboo
202.jpg,41,bonus-chrysanthemum
203.jpg,40,bonus-orchid
204.jpg,39,bonus-plum
205.jpg,31,honors-north
206.jpg,27,characters-9
207.jpg,22,characters-4
208.jpg,38,bonus-winter
209.jpg,37,bonus-autumn
210.jpg,36,bonus-summer
211.jpg,35,bonus-spring
212.jpg,30,honors-west
213.jpg,26,characters-8
214.jpg,21,characters-3
215.jpg,34,honors-white
216.jpg,29,honors-south
217.jpg,25,characters-7
218.jpg,20,characters-2
219.jpg,33,honors-green
220.jpg,32,honors-red
221.jpg,28,honors-east
222.jpg,24,characters-6
223.jpg,23,characters-5
224.jpg,19,characters-1
225.jpg,19,characters-1
226.jpg,22,characters-4
227.jpg,25,characters-7
228.jpg,2,dots-2
229.jpg,5,dots-5
230.jpg,17,bamboo-8
231.jpg,15,bamboo-6
232.jpg,11,bamboo-2
233.jpg,29,honors-south
234.jpg,14,bamboo-5
235.jpg,20,characters-2
236.jpg,23,characters-5
237.jpg,26,characters-8
238.jpg,3,dots-3
239.jpg,6,dots-6
240.jpg,8,dots-8
241.jpg,16,bamboo-7
242.jpg,13,bamboo-4
243.jpg,28,honors-east
244.jpg,12,bamboo-3
245.jpg,34,honors-white
246.jpg,21,characters-3
247.jpg,24,characters-6
248.jpg,27,characters-9
249.jpg,1,dots-1
250.jpg,4,dots-4
251.jpg,7,dots-7
252.jpg,38,bonus-winter
253.jpg,37,bonus-autumn
254.jpg,36,bonus-summer
255.jpg,9,dots-9
256.jpg,18,bamboo-9
257.jpg,35,bonus-spring
258.jpg,30,honors-west
259.jpg,31,honors-north
260.jpg,10,bamboo-1
261.jpg,35,bonus-spring
262.jpg,36,bonus-summer
263.jpg,37,bonus-autumn
264.jpg,38,bonus-winter
265.jpg,31,honors-north
266.jpg,34,honors-white
267.jpg,29,honors-south
268.jpg,30,honors-west
269.jpg,28,honors-east
270.jpg,27,characters-9
271.jpg,18,bamboo-9
272.jpg,9,dots-9
273.jpg,26,characters-8
274.jpg,17,bamboo-8
275.jpg,8,dots-8
276.jpg,25,characters-7
277.jpg,16,bamboo-7
278.jpg,7,dots-7
279.jpg,24,characters-6
280.jpg,15,bamboo-6
281.jpg,6,dots-6
282.jpg,23,characters-5
283.jpg,14,bamboo-5
284.jpg,5,dots-5
285.jpg,22,characters-4
286.jpg,13,bamboo-4
287.jpg,4,dots-4
288.jpg,21,characters-3
289.jpg,12,bamboo-3
290.jpg,3,dots-3
291.jpg,20,characters-2
292.jpg,11,bamboo-2
293.jpg,2,dots-2
294.jpg,19,characters-1
295.jpg,10,bamboo-1
296.jpg,1,dots-1
297.jpg,18,bamboo-9
298.jpg,13,bamboo-4
299.jpg,12,bamboo-3
300.jpg,17,bamboo-8
301.jpg,16,bamboo-7
302.jpg,15,bamboo-6
303.jpg,14,bamboo-5
304.jpg,11,bamboo-2
305.jpg,10,bamboo-1
306.jpg,42,bonus-bamboo
307.jpg,41,bonus-chrysanthemum
308.jpg,40,bonus-orchid
309.jpg,39,bonus-plum
310.jpg,38,bonus-winter
311.jpg,37,bonus-autumn
312.jpg,36,bonus-summer
313.jpg,35,bonus-spring
314.jpg,34,honors-white
315.jpg,33,honors-green
316.jpg,32,honors-red
317.jpg,31,honors-north
318.jpg,30,honors-west
319.jpg,29,honors-south
320.jpg,28,honors-east
321.jpg,27,characters-9
322.jpg,26,characters-8
323.jpg,25,characters-7
324.jpg,24,characters-6
325.jpg,23,characters-5
326.jpg,22,characters-4
327.jpg,21,characters-3
328.jpg,20,characters-2
329.jpg,19,characters-1
330.jpg,9,dots-9
331.jpg,8,dots-8
332.jpg,7,dots-7
333.jpg,6,dots-6
334.jpg,5,dots-5
335.jpg,4,dots-4
336.jpg,3,dots-3
337.jpg,2,dots-2
338.jpg,1,dots-1
339.jpg,31,honors-north
340.jpg,34,honors-white
341.jpg,35,bonus-spring
342.jpg,37,bonus-autumn
343.jpg,36,bonus-summer
344.jpg,38,bonus-winter
345.jpg,30,honors-west
346.jpg,29,honors-south
347.jpg,28,honors-east
348.jpg,27,characters-9
349.jpg,18,bamboo-9
350.jpg,8,dots-8
351.jpg,26,characters-8
352.jpg,17,bamboo-8
353.jpg,8,dots-8
354.jpg,25,characters-7
355.jpg,16,bamboo-7
356.jpg,7,dots-7
357.jpg,24,characters-6
358.jpg,15,bamboo-6
359.jpg,6,dots-6
360.jpg,23,characters-5
361.jpg,14,bamboo-5
362.jpg,5,dots-5
363.jpg,22,characters-4
364.jpg,13,bamboo-4
365.jpg,4,dots-4
366.jpg,21,characters-3
367.jpg,12,bamboo-3
368.jpg,3,dots-3
369.jpg,20,characters-2
370.jpg,11,bamboo-2
371.jpg,2,dots-2
372.jpg,19,characters-1
373.jpg,10,bamboo-1
374.jpg,1,dots-1
375.jpg,42,bonus-bamboo
376.jpg,41,bonus-chrysanthemum
377.jpg,40,bonus-orchid
378.jpg,39,bonus-plum
379.jpg,38,bonus-winter
380.jpg,37,bonus-autumn
381.jpg,36,bonus-summer
382.jpg,35,bonus-spring
383.jpg,34,honors-white
384.jpg,31,honors-north
385.jpg,29,honors-south
386.jpg,33,honors-green
387.jpg,30,honors-west
388.jpg,28,honors-east
389.jpg,32,honors-red
390.jpg,27,characters-9
391.jpg,18,bamboo-9
392.jpg,9,dots-9
393.jpg,26,characters-8
395.jpg,8,dots-8
394.jpg,17,bamboo-8
396.jpg,25,characters-7
397.jpg,16,bamboo-7
398.jpg,7,dots-7
399.jpg,24,characters-6
400.jpg,15,bamboo-6
401.jpg,6,dots-6
402.jpg,23,characters-5
403.jpg,14,bamboo-5
404.jpg,5,dots-5
405.jpg,22,characters-4
406.jpg,13,bamboo-4
407.jpg,4,dots-4
408.jpg,21,characters-3
409.jpg,12,bamboo-3
410.jpg,3,dots-3
411.jpg,20,characters-2
412.jpg,11,bamboo-2
413.jpg,2,dots-2
414.jpg,19,characters-1
415.jpg,10,bamboo-1
416.jpg,1,dots-1
417.jpg,32,honors-red
418.jpg,33,honors-green
419.jpg,31,honors-north
420.jpg,38,bonus-winter
421.jpg,6,dots-6
422.jpg,7,dots-7
423.jpg,8,dots-8
424.jpg,9,dots-9
425.jpg,37,bonus-autumn
426.jpg,36,bonus-summer
427.jpg,35,bonus-spring
428.jpg,34,honors-white
429.jpg,1,dots-1
430.jpg,1,dots-1
431.jpg,1,dots-1
432.jpg,1,dots-1
433.jpg,28,honors-east
434.jpg,29,honors-south
435.jpg,30,honors-west
436.jpg,42,bonus-bamboo
437.jpg,2,dots-2
438.jpg,3,dots-3
439.jpg,4,dots-4
440.jpg,5,dots-5
441.jpg,41,bonus-chrysanthemum
442.jpg,40,bonus-orchid
443.jpg,39,bonus-plum
444.jpg,24,characters-6
445.jpg,25,characters-7
446.jpg,26,characters-8
447.jpg,27,characters-9
448.jpg,15,bamboo-6
449.jpg,16,bamboo-7
450.jpg,17,bamboo-8
451.jpg,18,bamboo-9
452.jpg,19,characters-1
453.jpg,10,bamboo-1
454.jpg,20,characters-2
455.jpg,21,characters-3
456.jpg,22,characters-4
457.jpg,23,characters-5
458.jpg,11,bamboo-2
459.jpg,12,bamboo-3
460.jpg,13,bamboo-4
461.jpg,14,bamboo-5
462.jpg,42,bonus-bamboo
463.jpg,41,bonus-chrysanthemum
464.jpg,40,bonus-orchid
465.jpg,39,bonus-plum
466.jpg,38,bonus-winter
467.jpg,37,bonus-autumn
468.jpg,36,bonus-summer
469.jpg,35,bonus-spring
470.jpg,34,honors-white
471.jpg,31,honors-north
472.jpg,29,honors-south
473.jpg,33,honors-green
474.jpg,30,honors-west
475.jpg,28,honors-east
476.jpg,32,honors-red
477.jpg,27,characters-9
478.jpg,18,bamboo-9
479.jpg,9,dots-9
480.jpg,26,characters-8
481.jpg,17,bamboo-8
482.jpg,8,dots-8
483.jpg,25,characters-7
484.jpg,16,bamboo-7
485.jpg,7,dots-7
486.jpg,24,characters-6
487.jpg,15,bamboo-6
488.jpg,6,dots-6
489.jpg,23,characters-5
490.jpg,14,bamboo-5
491.jpg,5,dots-5
492.jpg,22,characters-4
493.jpg,13,bamboo-4
494.jpg,4,dots-4
495.jpg,21,characters-3
496.jpg,12,bamboo-3
497.jpg,3,dots-3
498.jpg,20,characters-2
499.jpg,11,bamboo-2
500.jpg,2,dots-2
501.jpg,19,characters-1
502.jpg,10,bamboo-1
503.jpg,1,dots-1
504.jpg,42,bonus-bamboo
505.jpg,41,bonus-chrysanthemum
506.jpg,40,bonus-orchid
507.jpg,39,bonus-plum
508.jpg,34,honors-white
509.jpg,31,honors-north
510.jpg,29,honors-south
511.jpg,33,honors-green
512.jpg,30,honors-west
513.jpg,28,honors-east
514.jpg,32,honors-red
515.jpg,27,characters-9
516.jpg,18,bamboo-9
517.jpg,9,dots-9
518.jpg,26,characters-8
519.jpg,17,bamboo-8
520.jpg,8,dots-8
521.jpg,25,characters-7
522.jpg,16,bamboo-7
523.jpg,7,dots-7
524.jpg,24,characters-6
525.jpg,15,bamboo-6
526.jpg,6,dots-6
527.jpg,23,characters-5
528.jpg,14,bamboo-5
529.jpg,5,dots-5
530.jpg,22,characters-4
531.jpg,13,bamboo-4
532.jpg,4,dots-4
533.jpg,21,characters-3
534.jpg,12,bamboo-3
535.jpg,3,dots-3
536.jpg,20,characters-2
537.jpg,11,bamboo-2
538.jpg,2,dots-2
539.jpg,19,characters-1
540.jpg,10,bamboo-1
541.jpg,1,dots-1
542.jpg,38,bonus-winter
543.jpg,37,bonus-autumn
544.jpg,36,bonus-summer
545.jpg,35,bonus-spring
546.jpg,42,bonus-bamboo
547.jpg,41,bonus-chrysanthemum
548.jpg,40,bonus-orchid
549.jpg,39,bonus-plum
550.jpg,34,honors-white
551.jpg,30,honors-west
552.jpg,29,honors-south
553.jpg,33,honors-green
554.jpg,31,honors-north
555.jpg,28,honors-east
556.jpg,32,honors-red
557.jpg,27,characters-9
558.jpg,18,bamboo-9
559.jpg,9,dots-9
560.jpg,26,characters-8
561.jpg,17,bamboo-8
562.jpg,8,dots-8
563.jpg,25,characters-7
564.jpg,16,bamboo-7
565.jpg,7,dots-7
566.jpg,24,characters-6
567.jpg,15,bamboo-6
568.jpg,6,dots-6
569.jpg,23,characters-5
570.jpg,14,bamboo-5
571.jpg,5,dots-5
572.jpg,22,characters-4
573.jpg,13,bamboo-4
574.jpg,4,dots-4
575.jpg,21,characters-3
576.jpg,12,bamboo-3
577.jpg,3,dots-3
578.jpg,20,characters-2
579.jpg,11,bamboo-2
580.jpg,2,dots-2
581.jpg,19,characters-1
582.jpg,10,bamboo-1
582.jpg,10,bamboo-1
583.jpg,1,dots-1
584.jpg,1,dots-1
585.jpg,1,dots-1
586.jpg,1,dots-1
587.jpg,38,bonus-winter
588.jpg,37,bonus-autumn
589.jpg,36,bonus-summer
590.jpg,35,bonus-spring
591.jpg,42,bonus-bamboo
592.jpg,41,bonus-chrysanthemum
593.jpg,40,bonus-orchid
594.jpg,39,bonus-plum
595.jpg,34,honors-white
596.jpg,31,honors-north
597.jpg,29,honors-south
598.jpg,33,honors-green
599.jpg,30,honors-west
600.jpg,28,honors-east
601.jpg,32,honors-red
602.jpg,27,characters-9
603.jpg,18,bamboo-9
604.jpg,9,dots-9
605.jpg,26,characters-8
606.jpg,17,bamboo-8
607.jpg,8,dots-8
608.jpg,25,characters-7
609.jpg,16,bamboo-7
610.jpg,7,dots-7
611.jpg,24,characters-6
612.jpg,15,bamboo-6
613.jpg,6,dots-6
614.jpg,23,characters-5
615.jpg,14,bamboo-5
616.jpg,5,dots-5
617.jpg,22,characters-4
618.jpg,13,bamboo-4
619.jpg,4,dots-4
620.jpg,21,characters-3
621.jpg,12,bamboo-3
622.jpg,3,dots-3
623.jpg,20,characters-2
624.jpg,11,bamboo-2
625.jpg,2,dots-2
626.jpg,19,characters-1
627.jpg,10,bamboo-1
628.jpg,1,dots-1
